{
    "productos": [
      {
        "id": 1,
        "nombre": "Camiseta",
        "precio": 20.99,
        "colores": ["Rojo", "Azul", "Negro"],
        "tallas": ["S", "M", "L", "XL"],
        "categoria": "Ropa"
      },
      {
        "id": 2,
        "nombre": "Zapatos deportivos",
        "precio": 49.99,
        "colores": ["Blanco", "Negro", "Gris"],
        "tallas": ["36", "37", "38", "39", "40", "41", "42"],
        "categoria": "Calzado"
      },
      {
        "id": 3,
        "nombre": "Mochila",
        "precio": 29.99,
        "colores": ["Azul", "Verde", "Negro"],
        "tallas": ["10L", "20L", "30L"],
        "categoria": "Accesorios"
      },
      {
        "id": 4,
        "nombre": "Cámara digital",
        "precio": 299.99,
        "colores": ["Negro"],
        "almacenamiento": ["64GB", "128GB", "256GB"],
        "categoria": "Electrónica"
      },
      {
        "id": 5,
        "nombre": "Teléfono inteligente",
        "precio": 399.99,
        "colores": ["Plata", "Negro", "Oro"],
        "almacenamiento": ["64GB", "128GB", "256GB"],
        "categoria": "Electrónica"
      },
      {
        "id": 6,
        "nombre": "Portátil",
        "precio": 699.99,
        "colores": ["Gris", "Plata"],
        "tallas": ["13 pulgadas", "15 pulgadas", "17 pulgadas"],
        "categoria": "Electrónica"
      },
      {
        "id": 7,
        "nombre": "Mouse inalámbrico",
        "precio": 19.99,
        "colores": ["Negro", "Blanco", "Rojo"],
        "categoria": "Accesorios"
      },
      {
        "id": 8,
        "nombre": "Teclado mecánico",
        "precio": 59.99,
        "colores": ["Negro", "Blanco", "RGB"],
        "categoria": "Accesorios"
      },
      {
        "id": 9,
        "nombre": "Auriculares Bluetooth",
        "precio": 39.99,
        "colores": ["Negro", "Blanco", "Azul"],
        "categoria": "Electrónica"
      },
      {
        "id": 10,
        "nombre": "Tableta",
        "precio": 179.99,
        "colores": ["Negro", "Plata"],
        "almacenamiento": ["32GB", "64GB", "128GB"],
        "categoria": "Electrónica"
      },
      {
        "id": 11,
        "nombre": "Impresora láser",
        "precio": 129.99,
        "colores": ["Blanco", "Negro"],
        "categoria": "Electrónica"
      },
      {
        "id": 12,
        "nombre": "Reloj inteligente",
        "precio": 69.99,
        "colores": ["Negro", "Plata", "Oro"],
        "categoria": "Electrónica"
      },
      {
        "id": 13,
        "nombre": "Bicicleta de montaña",
        "precio": 299.99,
        "colores": ["Rojo", "Verde", "Negro"],
        "tallas": ["S", "M", "L", "XL"],
        "categoria": "Deportes"
      },
      {
        "id": 14,
        "nombre": "Cafetera",
        "precio": 49.99,
        "colores": ["Negro", "Plata", "Rojo"],
        "categoria": "Cocina"
      },
      {
        "id": 15,
        "nombre": "Silla de oficina",
        "precio": 89.99,
        "colores": ["Negro", "Gris", "Azul"],
        "categoria": "Muebles"
      },
      {
        "id": 16,
        "nombre": "Licuadora",
        "precio": 39.99,
        "colores": ["Blanco", "Negro", "Rojo"],
        "categoria": "Cocina"
      },
      {
        "id": 17,
        "nombre": "Ventilador de torre",
        "precio": 29.99,
        "colores": ["Blanco", "Negro"],
        "categoria": "Electrodomésticos"
      },
      {
        "id": 18,
        "nombre": "Lámpara de escritorio",
        "precio": 19.99,
        "colores": ["Negro", "Blanco", "Plata"],
        "categoria": "Iluminación"
      },
      {
        "id": 19,
        "nombre": "Caja de herramientas",
        "precio": 79.99,
        "colores": ["Rojo", "Negro"],
        "categoria": "Herramientas"
      },
      {
        "id": 20,
        "nombre": "Botines de fútbol",
        "precio": 59.99,
        "colores": ["Rojo", "Azul", "Negro"],
        "tallas": ["38", "39", "40", "41", "42"],
        "categoria": "Deportes"
      }
    ]
  }
  